epoch,accuracy,loss,val_accuracy,val_loss
0,0.2013888955116272,2.2535619735717773,0.375,1.862358570098877
